,model_type,direction,step,n_features,ap,roc_auc,precision,recall,f1,features
0,logreg,forward,1,1,0.09720216744449514,0.6736744678200393,0.09281172019640989,0.4879390605162928,0.15595833896929528,['recent_sessions']
1,logreg,forward,2,2,0.1108497399138841,0.6912645800931846,0.09264684341584883,0.5353364367329666,0.157957170506337,"['recent_sessions', 'history_Roll Advert']"
2,logreg,forward,3,3,0.11725015366111065,0.7007884734701664,0.09503916449086162,0.5391451544646636,0.16159309994926432,"['recent_sessions', 'history_Roll Advert', 'history_Downgrade']"
3,logreg,forward,4,4,0.1218788499505557,0.7052470704341618,0.08961354160184205,0.6093948370715192,0.15625,"['recent_sessions', 'history_Roll Advert', 'history_Downgrade', 'days_since_last_action']"
4,logreg,forward,5,5,0.1240472834671252,0.707450736820648,0.0909320376096422,0.6098180279305967,0.1582646897309171,"['recent_sessions', 'history_Roll Advert', 'history_Downgrade', 'days_since_last_action', 'history_Thumbs Up']"
5,logreg,forward,6,6,0.12681468728405101,0.7112888587859485,0.09334798629517099,0.6110876005078291,0.16195603409600717,"['recent_sessions', 'history_Roll Advert', 'history_Downgrade', 'days_since_last_action', 'history_Thumbs Up', 'history_Thumbs Down']"
6,logreg,forward,7,7,0.1282324491632193,0.7173208984222933,0.09184993531694696,0.6309775708844689,0.1603570660357066,"['recent_sessions', 'history_Roll Advert', 'history_Downgrade', 'days_since_last_action', 'history_Thumbs Up', 'history_Thumbs Down', 'is_paid']"
7,logreg,forward,8,8,0.1309557688095385,0.7206823345503565,0.09239766081871345,0.6352094794752433,0.16132846087704214,"['recent_sessions', 'history_Roll Advert', 'history_Downgrade', 'days_since_last_action', 'history_Thumbs Up', 'history_Thumbs Down', 'is_paid', 'recent_Roll Advert']"
8,logreg,forward,9,9,0.13230480912037873,0.7211564207301427,0.09303329223181257,0.6385950063478629,0.16240650056503256,"['recent_sessions', 'history_Roll Advert', 'history_Downgrade', 'days_since_last_action', 'history_Thumbs Up', 'history_Thumbs Down', 'is_paid', 'recent_Roll Advert', 'history_Upgrade']"
9,logreg,forward,10,10,0.13316122618448142,0.7216901585092828,0.09261083743842365,0.6364790520524757,0.16169435037359567,"['recent_sessions', 'history_Roll Advert', 'history_Downgrade', 'days_since_last_action', 'history_Thumbs Up', 'history_Thumbs Down', 'is_paid', 'recent_Roll Advert', 'history_Upgrade', 'recent_Upgrade']"
10,logreg,forward,11,11,0.13363992125507562,0.7228572729654815,0.09106519036058973,0.6508675412611088,0.1597756077290671,"['recent_sessions', 'history_Roll Advert', 'history_Downgrade', 'days_since_last_action', 'history_Thumbs Up', 'history_Thumbs Down', 'is_paid', 'recent_Roll Advert', 'history_Upgrade', 'recent_Upgrade', 'trend_status_rate']"
11,logreg,forward,12,12,0.13402139067274943,0.7241132500368541,0.09199659946563031,0.6411341515023276,0.1609048908714354,"['recent_sessions', 'history_Roll Advert', 'history_Downgrade', 'days_since_last_action', 'history_Thumbs Up', 'history_Thumbs Down', 'is_paid', 'recent_Roll Advert', 'history_Upgrade', 'recent_Upgrade', 'trend_status_rate', 'recent_Downgrade']"
12,logreg,forward,13,13,0.1341991164525102,0.7238284206760418,0.09190305533620846,0.6402877697841727,0.16073515351110168,"['recent_sessions', 'history_Roll Advert', 'history_Downgrade', 'days_since_last_action', 'history_Thumbs Up', 'history_Thumbs Down', 'is_paid', 'recent_Roll Advert', 'history_Upgrade', 'recent_Upgrade', 'trend_status_rate', 'recent_Downgrade', 'Linux']"
13,logreg,forward,14,14,0.13454327174376213,0.7235971214238955,0.09225159525979945,0.6424037240795599,0.1613348921245616,"['recent_sessions', 'history_Roll Advert', 'history_Downgrade', 'days_since_last_action', 'history_Thumbs Up', 'history_Thumbs Down', 'is_paid', 'recent_Roll Advert', 'history_Upgrade', 'recent_Upgrade', 'trend_status_rate', 'recent_Downgrade', 'Linux', 'iPad']"
14,logreg,forward,15,15,0.13478934608695553,0.7239159307667308,0.09253731343283582,0.6428269149386373,0.16178506763233572,"['recent_sessions', 'history_Roll Advert', 'history_Downgrade', 'days_since_last_action', 'history_Thumbs Up', 'history_Thumbs Down', 'is_paid', 'recent_Roll Advert', 'history_Upgrade', 'recent_Upgrade', 'trend_status_rate', 'recent_Downgrade', 'Linux', 'iPad', 'gender_F']"
15,logreg,forward,16,16,0.13494929357296645,0.7239406187298907,0.09240383448610605,0.6445196783749471,0.16163438577872113,"['recent_sessions', 'history_Roll Advert', 'history_Downgrade', 'days_since_last_action', 'history_Thumbs Up', 'history_Thumbs Down', 'is_paid', 'recent_Roll Advert', 'history_Upgrade', 'recent_Upgrade', 'trend_status_rate', 'recent_Downgrade', 'Linux', 'iPad', 'gender_F', 'trend_Submit downgrade']"
16,logreg,forward,17,17,0.13506012167101628,0.7239862532573116,0.09335529928610653,0.6474820143884892,0.1631825938566553,"['recent_sessions', 'history_Roll Advert', 'history_Downgrade', 'days_since_last_action', 'history_Thumbs Up', 'history_Thumbs Down', 'is_paid', 'recent_Roll Advert', 'history_Upgrade', 'recent_Upgrade', 'trend_status_rate', 'recent_Downgrade', 'Linux', 'iPad', 'gender_F', 'trend_Submit downgrade', 'recent_status']"
17,logreg,forward,18,18,0.13509612097294033,0.7239706640952307,0.09337643327640888,0.6479052052475667,0.1632283170744709,"['recent_sessions', 'history_Roll Advert', 'history_Downgrade', 'days_since_last_action', 'history_Thumbs Up', 'history_Thumbs Down', 'is_paid', 'recent_Roll Advert', 'history_Upgrade', 'recent_Upgrade', 'trend_status_rate', 'recent_Downgrade', 'Linux', 'iPad', 'gender_F', 'trend_Submit downgrade', 'recent_status', 'trend_upgrade']"
18,logreg,backward,1,47,0.13201677272360868,0.7225196951497638,0.0948960302457467,0.6373254337706306,0.16519497614215983,"['is_paid', 'gender_F', 'Linux', 'Macintosh', 'Windows', 'iPad', 'iPhone', 'days_since_last_action', 'recent_actions', 'recent_songs', 'recent_sessions', 'recent_status', 'recent_Add Friend', 'recent_Add to Playlist', 'recent_Downgrade', 'recent_Error', 'recent_Roll Advert', 'recent_Submit Downgrade', 'recent_Submit Upgrade', 'recent_Thumbs Down', 'recent_Thumbs Up', 'recent_Upgrade', 'history_actions', 'history_songs', 'history_sessions', 'history_status', 'history_Add Friend', 'history_Add to Playlist', 'history_Downgrade', 'history_Error', 'history_Roll Advert', 'history_Submit Downgrade', 'history_Submit Upgrade', 'history_Thumbs Down', 'history_Thumbs Up', 'history_Upgrade', 'trend_song_consumption', 'trend_error_rate', 'trend_status_rate', 'trend_thumbs_up', 'trend_thumbs_down', 'trend_add_to_playlist', 'trend_add_friend', 'trend_submit_upgrade', 'trend_upgrade', 'trend_downgrade', 'trend_Submit downgrade']"
19,logreg,backward,2,46,0.13258873071076882,0.7226377073023719,0.09503403075371818,0.6381718154887854,0.16543250507377544,"['is_paid', 'gender_F', 'Linux', 'Macintosh', 'Windows', 'iPad', 'iPhone', 'days_since_last_action', 'recent_actions', 'recent_songs', 'recent_sessions', 'recent_status', 'recent_Add Friend', 'recent_Add to Playlist', 'recent_Downgrade', 'recent_Error', 'recent_Roll Advert', 'recent_Submit Downgrade', 'recent_Submit Upgrade', 'recent_Thumbs Down', 'recent_Thumbs Up', 'recent_Upgrade', 'history_actions', 'history_songs', 'history_sessions', 'history_status', 'history_Add Friend', 'history_Add to Playlist', 'history_Downgrade', 'history_Error', 'history_Roll Advert', 'history_Submit Downgrade', 'history_Submit Upgrade', 'history_Thumbs Down', 'history_Thumbs Up', 'history_Upgrade', 'trend_song_consumption', 'trend_error_rate', 'trend_status_rate', 'trend_thumbs_up', 'trend_thumbs_down', 'trend_add_to_playlist', 'trend_add_friend', 'trend_submit_upgrade', 'trend_upgrade', 'trend_downgrade']"
20,logreg,backward,3,45,0.1328919194734838,0.7221836191631816,0.09434198971270857,0.6364790520524757,0.1643266866976236,"['is_paid', 'gender_F', 'Linux', 'Macintosh', 'Windows', 'iPad', 'iPhone', 'days_since_last_action', 'recent_actions', 'recent_songs', 'recent_sessions', 'recent_status', 'recent_Add Friend', 'recent_Add to Playlist', 'recent_Downgrade', 'recent_Error', 'recent_Roll Advert', 'recent_Submit Downgrade', 'recent_Submit Upgrade', 'recent_Thumbs Down', 'recent_Thumbs Up', 'recent_Upgrade', 'history_actions', 'history_songs', 'history_status', 'history_Add Friend', 'history_Add to Playlist', 'history_Downgrade', 'history_Error', 'history_Roll Advert', 'history_Submit Downgrade', 'history_Submit Upgrade', 'history_Thumbs Down', 'history_Thumbs Up', 'history_Upgrade', 'trend_song_consumption', 'trend_error_rate', 'trend_status_rate', 'trend_thumbs_up', 'trend_thumbs_down', 'trend_add_to_playlist', 'trend_add_friend', 'trend_submit_upgrade', 'trend_upgrade', 'trend_downgrade']"
21,logreg,backward,4,44,0.13319512793979987,0.7225216712407319,0.09458189790165988,0.6390181972069403,0.16477520733304235,"['is_paid', 'gender_F', 'Linux', 'Macintosh', 'Windows', 'iPad', 'iPhone', 'days_since_last_action', 'recent_actions', 'recent_songs', 'recent_sessions', 'recent_status', 'recent_Add Friend', 'recent_Add to Playlist', 'recent_Downgrade', 'recent_Error', 'recent_Roll Advert', 'recent_Submit Downgrade', 'recent_Submit Upgrade', 'recent_Thumbs Down', 'recent_Thumbs Up', 'recent_Upgrade', 'history_actions', 'history_songs', 'history_status', 'history_Add Friend', 'history_Add to Playlist', 'history_Downgrade', 'history_Error', 'history_Roll Advert', 'history_Submit Downgrade', 'history_Thumbs Down', 'history_Thumbs Up', 'history_Upgrade', 'trend_song_consumption', 'trend_error_rate', 'trend_status_rate', 'trend_thumbs_up', 'trend_thumbs_down', 'trend_add_to_playlist', 'trend_add_friend', 'trend_submit_upgrade', 'trend_upgrade', 'trend_downgrade']"
22,logreg,backward,5,43,0.13348399459626992,0.7222003939798433,0.09381038459141058,0.6369022429115531,0.16353363033793328,"['is_paid', 'gender_F', 'Linux', 'Macintosh', 'Windows', 'iPad', 'iPhone', 'days_since_last_action', 'recent_actions', 'recent_songs', 'recent_sessions', 'recent_status', 'recent_Add Friend', 'recent_Add to Playlist', 'recent_Error', 'recent_Roll Advert', 'recent_Submit Downgrade', 'recent_Submit Upgrade', 'recent_Thumbs Down', 'recent_Thumbs Up', 'recent_Upgrade', 'history_actions', 'history_songs', 'history_status', 'history_Add Friend', 'history_Add to Playlist', 'history_Downgrade', 'history_Error', 'history_Roll Advert', 'history_Submit Downgrade', 'history_Thumbs Down', 'history_Thumbs Up', 'history_Upgrade', 'trend_song_consumption', 'trend_error_rate', 'trend_status_rate', 'trend_thumbs_up', 'trend_thumbs_down', 'trend_add_to_playlist', 'trend_add_friend', 'trend_submit_upgrade', 'trend_upgrade', 'trend_downgrade']"
23,logreg,backward,6,42,0.1338120664044154,0.722136763850674,0.09402295982031444,0.637748624629708,0.16388450872709479,"['is_paid', 'gender_F', 'Linux', 'Macintosh', 'Windows', 'iPad', 'iPhone', 'days_since_last_action', 'recent_actions', 'recent_songs', 'recent_sessions', 'recent_status', 'recent_Add Friend', 'recent_Add to Playlist', 'recent_Error', 'recent_Roll Advert', 'recent_Submit Downgrade', 'recent_Submit Upgrade', 'recent_Thumbs Down', 'recent_Thumbs Up', 'recent_Upgrade', 'history_actions', 'history_songs', 'history_status', 'history_Add Friend', 'history_Add to Playlist', 'history_Downgrade', 'history_Error', 'history_Roll Advert', 'history_Thumbs Down', 'history_Thumbs Up', 'history_Upgrade', 'trend_song_consumption', 'trend_error_rate', 'trend_status_rate', 'trend_thumbs_up', 'trend_thumbs_down', 'trend_add_to_playlist', 'trend_add_friend', 'trend_submit_upgrade', 'trend_upgrade', 'trend_downgrade']"
24,logreg,backward,7,41,0.13397400046072297,0.7222614244515613,0.09397935066550565,0.6394413880660178,0.16387397646548452,"['is_paid', 'gender_F', 'Linux', 'Macintosh', 'Windows', 'iPad', 'iPhone', 'days_since_last_action', 'recent_actions', 'recent_songs', 'recent_sessions', 'recent_status', 'recent_Add Friend', 'recent_Error', 'recent_Roll Advert', 'recent_Submit Downgrade', 'recent_Submit Upgrade', 'recent_Thumbs Down', 'recent_Thumbs Up', 'recent_Upgrade', 'history_actions', 'history_songs', 'history_status', 'history_Add Friend', 'history_Add to Playlist', 'history_Downgrade', 'history_Error', 'history_Roll Advert', 'history_Thumbs Down', 'history_Thumbs Up', 'history_Upgrade', 'trend_song_consumption', 'trend_error_rate', 'trend_status_rate', 'trend_thumbs_up', 'trend_thumbs_down', 'trend_add_to_playlist', 'trend_add_friend', 'trend_submit_upgrade', 'trend_upgrade', 'trend_downgrade']"
25,logreg,backward,8,40,0.13406009659119603,0.7223961499424452,0.09386663349091814,0.6385950063478629,0.1636748196756874,"['is_paid', 'gender_F', 'Linux', 'Macintosh', 'Windows', 'iPad', 'iPhone', 'days_since_last_action', 'recent_actions', 'recent_songs', 'recent_sessions', 'recent_status', 'recent_Error', 'recent_Roll Advert', 'recent_Submit Downgrade', 'recent_Submit Upgrade', 'recent_Thumbs Down', 'recent_Thumbs Up', 'recent_Upgrade', 'history_actions', 'history_songs', 'history_status', 'history_Add Friend', 'history_Add to Playlist', 'history_Downgrade', 'history_Error', 'history_Roll Advert', 'history_Thumbs Down', 'history_Thumbs Up', 'history_Upgrade', 'trend_song_consumption', 'trend_error_rate', 'trend_status_rate', 'trend_thumbs_up', 'trend_thumbs_down', 'trend_add_to_playlist', 'trend_add_friend', 'trend_submit_upgrade', 'trend_upgrade', 'trend_downgrade']"
26,logreg,backward,9,39,0.13419228350300516,0.7224353116741176,0.09387628225054398,0.6390181972069403,0.1637033824804857,"['is_paid', 'gender_F', 'Linux', 'Macintosh', 'Windows', 'iPad', 'iPhone', 'days_since_last_action', 'recent_actions', 'recent_songs', 'recent_sessions', 'recent_status', 'recent_Roll Advert', 'recent_Submit Downgrade', 'recent_Submit Upgrade', 'recent_Thumbs Down', 'recent_Thumbs Up', 'recent_Upgrade', 'history_actions', 'history_songs', 'history_status', 'history_Add Friend', 'history_Add to Playlist', 'history_Downgrade', 'history_Error', 'history_Roll Advert', 'history_Thumbs Down', 'history_Thumbs Up', 'history_Upgrade', 'trend_song_consumption', 'trend_error_rate', 'trend_status_rate', 'trend_thumbs_up', 'trend_thumbs_down', 'trend_add_to_playlist', 'trend_add_friend', 'trend_submit_upgrade', 'trend_upgrade', 'trend_downgrade']"
27,logreg,backward,10,38,0.1343159276183245,0.7225156814894422,0.09376943166272851,0.6381718154887854,0.1635131471943616,"['is_paid', 'gender_F', 'Linux', 'Macintosh', 'Windows', 'iPad', 'iPhone', 'days_since_last_action', 'recent_actions', 'recent_songs', 'recent_sessions', 'recent_status', 'recent_Roll Advert', 'recent_Submit Downgrade', 'recent_Submit Upgrade', 'recent_Thumbs Down', 'recent_Thumbs Up', 'recent_Upgrade', 'history_actions', 'history_songs', 'history_status', 'history_Add Friend', 'history_Add to Playlist', 'history_Downgrade', 'history_Error', 'history_Roll Advert', 'history_Thumbs Down', 'history_Thumbs Up', 'history_Upgrade', 'trend_song_consumption', 'trend_error_rate', 'trend_status_rate', 'trend_thumbs_up', 'trend_thumbs_down', 'trend_add_to_playlist', 'trend_add_friend', 'trend_submit_upgrade', 'trend_upgrade']"
28,logreg,backward,11,37,0.13441679989710575,0.7227213442547635,0.0936936936936937,0.6381718154887854,0.16339798461371763,"['is_paid', 'gender_F', 'Linux', 'Macintosh', 'Windows', 'iPad', 'iPhone', 'days_since_last_action', 'recent_actions', 'recent_songs', 'recent_sessions', 'recent_status', 'recent_Roll Advert', 'recent_Submit Downgrade', 'recent_Submit Upgrade', 'recent_Thumbs Down', 'recent_Thumbs Up', 'recent_Upgrade', 'history_actions', 'history_songs', 'history_status', 'history_Add Friend', 'history_Add to Playlist', 'history_Downgrade', 'history_Error', 'history_Roll Advert', 'history_Thumbs Down', 'history_Thumbs Up', 'history_Upgrade', 'trend_song_consumption', 'trend_status_rate', 'trend_thumbs_up', 'trend_thumbs_down', 'trend_add_to_playlist', 'trend_add_friend', 'trend_submit_upgrade', 'trend_upgrade']"
29,logreg,backward,12,36,0.13450601350046248,0.7227918072673687,0.09358902749332837,0.6381718154887854,0.16323879627625026,"['is_paid', 'gender_F', 'Linux', 'Macintosh', 'Windows', 'iPad', 'iPhone', 'days_since_last_action', 'recent_actions', 'recent_songs', 'recent_sessions', 'recent_status', 'recent_Roll Advert', 'recent_Submit Downgrade', 'recent_Submit Upgrade', 'recent_Thumbs Down', 'recent_Thumbs Up', 'recent_Upgrade', 'history_actions', 'history_songs', 'history_status', 'history_Add Friend', 'history_Add to Playlist', 'history_Downgrade', 'history_Error', 'history_Roll Advert', 'history_Thumbs Down', 'history_Thumbs Up', 'history_Upgrade', 'trend_song_consumption', 'trend_status_rate', 'trend_thumbs_up', 'trend_thumbs_down', 'trend_add_friend', 'trend_submit_upgrade', 'trend_upgrade']"
30,logreg,backward,13,35,0.13460488881514102,0.7229616281338442,0.09350907734394429,0.6364790520524757,0.1630617444570933,"['is_paid', 'gender_F', 'Linux', 'Macintosh', 'Windows', 'iPad', 'iPhone', 'days_since_last_action', 'recent_actions', 'recent_songs', 'recent_sessions', 'recent_status', 'recent_Roll Advert', 'recent_Submit Downgrade', 'recent_Submit Upgrade', 'recent_Thumbs Down', 'recent_Thumbs Up', 'recent_Upgrade', 'history_actions', 'history_songs', 'history_Add Friend', 'history_Add to Playlist', 'history_Downgrade', 'history_Error', 'history_Roll Advert', 'history_Thumbs Down', 'history_Thumbs Up', 'history_Upgrade', 'trend_song_consumption', 'trend_status_rate', 'trend_thumbs_up', 'trend_thumbs_down', 'trend_add_friend', 'trend_submit_upgrade', 'trend_upgrade']"
31,logreg,backward,14,34,0.13464826936749494,0.723096081363306,0.09364506902126601,0.6373254337706306,0.16329628625643805,"['is_paid', 'gender_F', 'Linux', 'Macintosh', 'Windows', 'iPad', 'iPhone', 'days_since_last_action', 'recent_actions', 'recent_songs', 'recent_sessions', 'recent_status', 'recent_Roll Advert', 'recent_Submit Downgrade', 'recent_Submit Upgrade', 'recent_Thumbs Down', 'recent_Thumbs Up', 'recent_Upgrade', 'history_actions', 'history_songs', 'history_Add Friend', 'history_Add to Playlist', 'history_Downgrade', 'history_Error', 'history_Roll Advert', 'history_Thumbs Down', 'history_Thumbs Up', 'history_Upgrade', 'trend_song_consumption', 'trend_status_rate', 'trend_thumbs_up', 'trend_thumbs_down', 'trend_submit_upgrade', 'trend_upgrade']"
32,logreg,backward,15,33,0.13486494326139992,0.7235146789087114,0.0938082804923536,0.6385950063478629,0.16358610222776301,"['is_paid', 'gender_F', 'Linux', 'Macintosh', 'Windows', 'iPad', 'iPhone', 'days_since_last_action', 'recent_actions', 'recent_songs', 'recent_sessions', 'recent_status', 'recent_Roll Advert', 'recent_Submit Downgrade', 'recent_Submit Upgrade', 'recent_Thumbs Down', 'recent_Thumbs Up', 'recent_Upgrade', 'history_actions', 'history_songs', 'history_Add Friend', 'history_Add to Playlist', 'history_Downgrade', 'history_Error', 'history_Roll Advert', 'history_Thumbs Down', 'history_Thumbs Up', 'history_Upgrade', 'trend_song_consumption', 'trend_status_rate', 'trend_thumbs_down', 'trend_submit_upgrade', 'trend_upgrade']"
33,logreg,backward,16,32,0.13485434911231087,0.723521608401039,0.09396557081598408,0.6398645789250952,0.1638669123225317,"['is_paid', 'gender_F', 'Linux', 'Windows', 'iPad', 'iPhone', 'days_since_last_action', 'recent_actions', 'recent_songs', 'recent_sessions', 'recent_status', 'recent_Roll Advert', 'recent_Submit Downgrade', 'recent_Submit Upgrade', 'recent_Thumbs Down', 'recent_Thumbs Up', 'recent_Upgrade', 'history_actions', 'history_songs', 'history_Add Friend', 'history_Add to Playlist', 'history_Downgrade', 'history_Error', 'history_Roll Advert', 'history_Thumbs Down', 'history_Thumbs Up', 'history_Upgrade', 'trend_song_consumption', 'trend_status_rate', 'trend_thumbs_down', 'trend_submit_upgrade', 'trend_upgrade']"
34,logreg,backward,17,31,0.13519808374669226,0.7240853827628922,0.09388971684053651,0.6398645789250952,0.16375155683110412,"['is_paid', 'gender_F', 'Linux', 'Windows', 'iPad', 'days_since_last_action', 'recent_actions', 'recent_songs', 'recent_sessions', 'recent_status', 'recent_Roll Advert', 'recent_Submit Downgrade', 'recent_Submit Upgrade', 'recent_Thumbs Down', 'recent_Thumbs Up', 'recent_Upgrade', 'history_actions', 'history_songs', 'history_Add Friend', 'history_Add to Playlist', 'history_Downgrade', 'history_Error', 'history_Roll Advert', 'history_Thumbs Down', 'history_Thumbs Up', 'history_Upgrade', 'trend_song_consumption', 'trend_status_rate', 'trend_thumbs_down', 'trend_submit_upgrade', 'trend_upgrade']"
35,logreg,backward,18,30,0.1353258159650335,0.724423900319648,0.09398472903345956,0.6407109606432501,0.1639237765266349,"['is_paid', 'gender_F', 'Linux', 'iPad', 'days_since_last_action', 'recent_actions', 'recent_songs', 'recent_sessions', 'recent_status', 'recent_Roll Advert', 'recent_Submit Downgrade', 'recent_Submit Upgrade', 'recent_Thumbs Down', 'recent_Thumbs Up', 'recent_Upgrade', 'history_actions', 'history_songs', 'history_Add Friend', 'history_Add to Playlist', 'history_Downgrade', 'history_Error', 'history_Roll Advert', 'history_Thumbs Down', 'history_Thumbs Up', 'history_Upgrade', 'trend_song_consumption', 'trend_status_rate', 'trend_thumbs_down', 'trend_submit_upgrade', 'trend_upgrade']"
36,logreg,backward,19,29,0.13537352354564347,0.7244669615374971,0.09401390958768008,0.6407109606432501,0.16396815941950507,"['is_paid', 'gender_F', 'Linux', 'iPad', 'days_since_last_action', 'recent_actions', 'recent_songs', 'recent_sessions', 'recent_status', 'recent_Roll Advert', 'recent_Submit Downgrade', 'recent_Submit Upgrade', 'recent_Thumbs Down', 'recent_Thumbs Up', 'recent_Upgrade', 'history_actions', 'history_songs', 'history_Add Friend', 'history_Add to Playlist', 'history_Downgrade', 'history_Error', 'history_Roll Advert', 'history_Thumbs Down', 'history_Thumbs Up', 'history_Upgrade', 'trend_status_rate', 'trend_thumbs_down', 'trend_submit_upgrade', 'trend_upgrade']"
37,logreg,backward,20,28,0.13538759701736883,0.7245849736901053,0.09385654950096088,0.6407109606432501,0.1637287769006164,"['is_paid', 'gender_F', 'Linux', 'iPad', 'days_since_last_action', 'recent_actions', 'recent_songs', 'recent_sessions', 'recent_status', 'recent_Roll Advert', 'recent_Submit Downgrade', 'recent_Submit Upgrade', 'recent_Thumbs Down', 'recent_Thumbs Up', 'recent_Upgrade', 'history_actions', 'history_songs', 'history_Add Friend', 'history_Add to Playlist', 'history_Downgrade', 'history_Roll Advert', 'history_Thumbs Down', 'history_Thumbs Up', 'history_Upgrade', 'trend_status_rate', 'trend_thumbs_down', 'trend_submit_upgrade', 'trend_upgrade']"
38,logreg,backward,21,27,0.13539841557520968,0.7245703154864361,0.09391272005950906,0.6411341515023276,0.16382806163828062,"['is_paid', 'gender_F', 'Linux', 'iPad', 'days_since_last_action', 'recent_actions', 'recent_songs', 'recent_sessions', 'recent_status', 'recent_Roll Advert', 'recent_Submit Downgrade', 'recent_Submit Upgrade', 'recent_Thumbs Down', 'recent_Thumbs Up', 'recent_Upgrade', 'history_actions', 'history_Add Friend', 'history_Add to Playlist', 'history_Downgrade', 'history_Roll Advert', 'history_Thumbs Down', 'history_Thumbs Up', 'history_Upgrade', 'trend_status_rate', 'trend_thumbs_down', 'trend_submit_upgrade', 'trend_upgrade']"
39,logreg,backward,22,26,0.13541177940171506,0.7235537264662386,0.09327321020445982,0.6390181972069403,0.16278568348426045,"['is_paid', 'gender_F', 'Linux', 'iPad', 'days_since_last_action', 'recent_actions', 'recent_songs', 'recent_sessions', 'recent_status', 'recent_Roll Advert', 'recent_Submit Downgrade', 'recent_Submit Upgrade', 'recent_Thumbs Down', 'recent_Thumbs Up', 'recent_Upgrade', 'history_actions', 'history_Add Friend', 'history_Add to Playlist', 'history_Downgrade', 'history_Roll Advert', 'history_Thumbs Down', 'history_Upgrade', 'trend_status_rate', 'trend_thumbs_down', 'trend_submit_upgrade', 'trend_upgrade']"
40,logreg,backward,23,25,0.13544084074302587,0.7235455322756914,0.09309791332263243,0.6381718154887854,0.16249124508377782,"['is_paid', 'gender_F', 'Linux', 'iPad', 'days_since_last_action', 'recent_songs', 'recent_sessions', 'recent_status', 'recent_Roll Advert', 'recent_Submit Downgrade', 'recent_Submit Upgrade', 'recent_Thumbs Down', 'recent_Thumbs Up', 'recent_Upgrade', 'history_actions', 'history_Add Friend', 'history_Add to Playlist', 'history_Downgrade', 'history_Roll Advert', 'history_Thumbs Down', 'history_Upgrade', 'trend_status_rate', 'trend_thumbs_down', 'trend_submit_upgrade', 'trend_upgrade']"
41,logreg,backward,24,24,0.13538572511864755,0.7237974267870373,0.0935074534926697,0.6424037240795599,0.16325213744152284,"['is_paid', 'gender_F', 'Linux', 'iPad', 'days_since_last_action', 'recent_songs', 'recent_sessions', 'recent_status', 'recent_Roll Advert', 'recent_Submit Downgrade', 'recent_Submit Upgrade', 'recent_Thumbs Down', 'recent_Thumbs Up', 'recent_Upgrade', 'history_actions', 'history_Add Friend', 'history_Add to Playlist', 'history_Downgrade', 'history_Roll Advert', 'history_Thumbs Down', 'history_Upgrade', 'trend_status_rate', 'trend_submit_upgrade', 'trend_upgrade']"
42,logreg,backward,25,23,0.13530358049254057,0.7237851223272765,0.09305742622750092,0.6432501057977148,0.16259292934695405,"['is_paid', 'gender_F', 'Linux', 'iPad', 'days_since_last_action', 'recent_songs', 'recent_sessions', 'recent_Roll Advert', 'recent_Submit Downgrade', 'recent_Submit Upgrade', 'recent_Thumbs Down', 'recent_Thumbs Up', 'recent_Upgrade', 'history_actions', 'history_Add Friend', 'history_Add to Playlist', 'history_Downgrade', 'history_Roll Advert', 'history_Thumbs Down', 'history_Upgrade', 'trend_status_rate', 'trend_submit_upgrade', 'trend_upgrade']"
43,logreg,backward,26,22,0.1352608099239661,0.7237170130585799,0.09305606674027726,0.6419805332204824,0.16255022769890168,"['is_paid', 'gender_F', 'Linux', 'iPad', 'days_since_last_action', 'recent_songs', 'recent_sessions', 'recent_Roll Advert', 'recent_Submit Downgrade', 'recent_Thumbs Down', 'recent_Thumbs Up', 'recent_Upgrade', 'history_actions', 'history_Add Friend', 'history_Add to Playlist', 'history_Downgrade', 'history_Roll Advert', 'history_Thumbs Down', 'history_Upgrade', 'trend_status_rate', 'trend_submit_upgrade', 'trend_upgrade']"
44,logreg,backward,27,21,0.13540364953268652,0.7239166158115997,0.09321617303674573,0.6419805332204824,0.16279444116542363,"['is_paid', 'gender_F', 'Linux', 'iPad', 'days_since_last_action', 'recent_songs', 'recent_sessions', 'recent_Roll Advert', 'recent_Submit Downgrade', 'recent_Thumbs Down', 'recent_Thumbs Up', 'recent_Upgrade', 'history_actions', 'history_Add Friend', 'history_Add to Playlist', 'history_Downgrade', 'history_Roll Advert', 'history_Thumbs Down', 'history_Upgrade', 'trend_status_rate', 'trend_upgrade']"
45,logreg,backward,28,20,0.13537403033047812,0.7235570902121974,0.09323482720722921,0.6462124418112569,0.16295821994557388,"['is_paid', 'gender_F', 'Linux', 'iPad', 'days_since_last_action', 'recent_songs', 'recent_sessions', 'recent_Roll Advert', 'recent_Submit Downgrade', 'recent_Thumbs Up', 'recent_Upgrade', 'history_actions', 'history_Add Friend', 'history_Add to Playlist', 'history_Downgrade', 'history_Roll Advert', 'history_Thumbs Down', 'history_Upgrade', 'trend_status_rate', 'trend_upgrade']"
46,logreg,backward,29,19,0.13550374348150424,0.7235581529100069,0.09291386682956627,0.6436732966567922,0.16238723108952116,"['is_paid', 'gender_F', 'Linux', 'iPad', 'days_since_last_action', 'recent_songs', 'recent_sessions', 'recent_Roll Advert', 'recent_Submit Downgrade', 'recent_Thumbs Up', 'recent_Upgrade', 'history_actions', 'history_Add Friend', 'history_Add to Playlist', 'history_Downgrade', 'history_Roll Advert', 'history_Thumbs Down', 'history_Upgrade', 'trend_status_rate']"
47,logreg,backward,30,18,0.13522903991439708,0.7232065931528624,0.0924098440545809,0.6419805332204824,0.16156344853293572,"['is_paid', 'Linux', 'iPad', 'days_since_last_action', 'recent_songs', 'recent_sessions', 'recent_Roll Advert', 'recent_Submit Downgrade', 'recent_Thumbs Up', 'recent_Upgrade', 'history_actions', 'history_Add Friend', 'history_Add to Playlist', 'history_Downgrade', 'history_Roll Advert', 'history_Thumbs Down', 'history_Upgrade', 'trend_status_rate']"
48,logreg,backward,31,17,0.1349937592372779,0.7231874733749188,0.09233767815811914,0.641557342361405,0.16143975294180288,"['is_paid', 'Linux', 'iPad', 'days_since_last_action', 'recent_songs', 'recent_sessions', 'recent_Roll Advert', 'recent_Submit Downgrade', 'recent_Thumbs Up', 'recent_Upgrade', 'history_actions', 'history_Add to Playlist', 'history_Downgrade', 'history_Roll Advert', 'history_Thumbs Down', 'history_Upgrade', 'trend_status_rate']"
49,logreg,backward,32,16,0.13486403304151515,0.723217975436838,0.09223744292237443,0.6411341515023276,0.16127315307643175,"['is_paid', 'Linux', 'iPad', 'days_since_last_action', 'recent_songs', 'recent_sessions', 'recent_Roll Advert', 'recent_Submit Downgrade', 'recent_Thumbs Up', 'recent_Upgrade', 'history_actions', 'history_Downgrade', 'history_Roll Advert', 'history_Thumbs Down', 'history_Upgrade', 'trend_status_rate']"
50,logreg,backward,33,15,0.1346947840660973,0.722713044672698,0.09226427826513711,0.6364790520524757,0.16116588084012,"['is_paid', 'Linux', 'iPad', 'days_since_last_action', 'recent_songs', 'recent_sessions', 'recent_Roll Advert', 'recent_Thumbs Up', 'recent_Upgrade', 'history_actions', 'history_Downgrade', 'history_Roll Advert', 'history_Thumbs Down', 'history_Upgrade', 'trend_status_rate']"
51,logreg,backward,34,14,0.13450074668419706,0.7230444483019691,0.09244264507422402,0.637748624629708,0.16147870345566567,"['is_paid', 'iPad', 'days_since_last_action', 'recent_songs', 'recent_sessions', 'recent_Roll Advert', 'recent_Thumbs Up', 'recent_Upgrade', 'history_actions', 'history_Downgrade', 'history_Roll Advert', 'history_Thumbs Down', 'history_Upgrade', 'trend_status_rate']"
52,logreg,backward,35,13,0.1341633735185103,0.7233221286047907,0.09232562419483467,0.6369022429115531,0.16127303900557222,"['is_paid', 'days_since_last_action', 'recent_songs', 'recent_sessions', 'recent_Roll Advert', 'recent_Thumbs Up', 'recent_Upgrade', 'history_actions', 'history_Downgrade', 'history_Roll Advert', 'history_Thumbs Down', 'history_Upgrade', 'trend_status_rate']"
53,logreg,backward,36,12,0.13366682378904332,0.7222030287678005,0.09414903754526396,0.6271688531527719,0.16372072470172339,"['is_paid', 'days_since_last_action', 'recent_songs', 'recent_sessions', 'recent_Roll Advert', 'recent_Thumbs Up', 'recent_Upgrade', 'history_actions', 'history_Downgrade', 'history_Roll Advert', 'history_Thumbs Down', 'history_Upgrade']"
54,logreg,backward,37,11,0.13291370380410825,0.7217191675246926,0.09396015734043903,0.6267456622936944,0.16342068965517242,"['is_paid', 'days_since_last_action', 'recent_songs', 'recent_sessions', 'recent_Roll Advert', 'recent_Thumbs Up', 'history_actions', 'history_Downgrade', 'history_Roll Advert', 'history_Thumbs Down', 'history_Upgrade']"
55,logreg,backward,38,10,0.13249565733239893,0.7208896923625973,0.0932475884244373,0.6258992805755396,0.1623134328358209,"['is_paid', 'days_since_last_action', 'recent_songs', 'recent_Roll Advert', 'recent_Thumbs Up', 'history_actions', 'history_Downgrade', 'history_Roll Advert', 'history_Thumbs Down', 'history_Upgrade']"
56,logreg,backward,39,9,0.13161657583706782,0.7180921886836648,0.0910915171784737,0.633939906898011,0.1592939174819226,"['is_paid', 'days_since_last_action', 'recent_songs', 'recent_Roll Advert', 'history_actions', 'history_Downgrade', 'history_Roll Advert', 'history_Thumbs Down', 'history_Upgrade']"
57,logreg,backward,40,8,0.1305784624844883,0.7176675223433313,0.09111880046136102,0.6352094794752433,0.15937566362284986,"['is_paid', 'days_since_last_action', 'recent_songs', 'recent_Roll Advert', 'history_actions', 'history_Downgrade', 'history_Roll Advert', 'history_Thumbs Down']"
58,logreg,backward,41,7,0.1290679857859497,0.7163127055930532,0.08815220524646872,0.6470588235294118,0.15516541505987416,"['is_paid', 'days_since_last_action', 'recent_Roll Advert', 'history_actions', 'history_Downgrade', 'history_Roll Advert', 'history_Thumbs Down']"
59,logreg,backward,42,6,0.1276942857997801,0.714823830831507,0.08855939537298795,0.6495979686838764,0.15586921202274573,"['is_paid', 'days_since_last_action', 'recent_Roll Advert', 'history_Downgrade', 'history_Roll Advert', 'history_Thumbs Down']"
60,logreg,backward,43,5,0.12656688390427032,0.7131203613734639,0.08704018109790605,0.6508675412611088,0.15354664803074927,"['is_paid', 'days_since_last_action', 'recent_Roll Advert', 'history_Downgrade', 'history_Roll Advert']"
61,xgb,forward,1,1,0.09120026823252772,0.6698809352496029,0.1237159446181331,0.23444773592890394,0.16196462505481654,['recent_sessions']
62,xgb,forward,2,2,0.10434902737777918,0.6945763812074451,0.1227767225004317,0.30088870080406266,0.17439293598233996,"['recent_sessions', 'history_Thumbs Down']"
63,xgb,forward,3,3,0.10744574201041193,0.6853867282481018,0.13083366573593938,0.27761320355480323,0.1778500745560526,"['recent_sessions', 'history_Thumbs Down', 'history_Thumbs Up']"
64,xgb,forward,4,4,0.11284212957167318,0.6910702688726458,0.13115704075719528,0.2873465933135844,0.18010610079575598,"['recent_sessions', 'history_Thumbs Down', 'history_Thumbs Up', 'history_actions']"
65,xgb,forward,5,5,0.11697113680326815,0.6970613024257484,0.13819041478615945,0.27211172238679643,0.18329532497149373,"['recent_sessions', 'history_Thumbs Down', 'history_Thumbs Up', 'history_actions', 'history_Roll Advert']"
66,xgb,forward,6,6,0.12095308466828492,0.702702062876492,0.13670004353504572,0.2657638595006348,0.1805375880408222,"['recent_sessions', 'history_Thumbs Down', 'history_Thumbs Up', 'history_actions', 'history_Roll Advert', 'days_since_last_action']"
67,xgb,forward,7,7,0.12414058153202553,0.7065336813068513,0.14682539682539683,0.28184511214557767,0.1930714596318307,"['recent_sessions', 'history_Thumbs Down', 'history_Thumbs Up', 'history_actions', 'history_Roll Advert', 'days_since_last_action', 'history_Downgrade']"
68,xgb,forward,8,8,0.12491035693346546,0.7096426081397119,0.14586100044267375,0.27888277613203555,0.1915419270454876,"['recent_sessions', 'history_Thumbs Down', 'history_Thumbs Up', 'history_actions', 'history_Roll Advert', 'days_since_last_action', 'history_Downgrade', 'is_paid']"
69,xgb,forward,9,9,0.12659394729487497,0.7102941604623632,0.1540813926135027,0.2771900126957258,0.19806471121862715,"['recent_sessions', 'history_Thumbs Down', 'history_Thumbs Up', 'history_actions', 'history_Roll Advert', 'days_since_last_action', 'history_Downgrade', 'is_paid', 'recent_actions']"
70,xgb,backward,1,47,0.12402595196790137,0.716035499552064,0.15160427807486632,0.2399492170969107,0.18581025725053252,"['is_paid', 'gender_F', 'Linux', 'Macintosh', 'Windows', 'iPad', 'iPhone', 'days_since_last_action', 'recent_actions', 'recent_songs', 'recent_sessions', 'recent_status', 'recent_Add Friend', 'recent_Add to Playlist', 'recent_Downgrade', 'recent_Error', 'recent_Roll Advert', 'recent_Submit Downgrade', 'recent_Submit Upgrade', 'recent_Thumbs Down', 'recent_Thumbs Up', 'recent_Upgrade', 'history_actions', 'history_songs', 'history_sessions', 'history_status', 'history_Add Friend', 'history_Add to Playlist', 'history_Downgrade', 'history_Error', 'history_Roll Advert', 'history_Submit Downgrade', 'history_Submit Upgrade', 'history_Thumbs Down', 'history_Thumbs Up', 'history_Upgrade', 'trend_song_consumption', 'trend_error_rate', 'trend_status_rate', 'trend_thumbs_up', 'trend_thumbs_down', 'trend_add_to_playlist', 'trend_submit_upgrade', 'trend_upgrade', 'trend_downgrade', 'trend_Submit downgrade', 'trend_Roll Advert']"
71,xgb,backward,2,46,0.12597548435889955,0.713201741190839,0.15072847682119206,0.2407955988150656,0.18540241120886283,"['is_paid', 'gender_F', 'Linux', 'Macintosh', 'Windows', 'iPad', 'iPhone', 'days_since_last_action', 'recent_actions', 'recent_songs', 'recent_sessions', 'recent_status', 'recent_Add Friend', 'recent_Add to Playlist', 'recent_Downgrade', 'recent_Error', 'recent_Submit Downgrade', 'recent_Submit Upgrade', 'recent_Thumbs Down', 'recent_Thumbs Up', 'recent_Upgrade', 'history_actions', 'history_songs', 'history_sessions', 'history_status', 'history_Add Friend', 'history_Add to Playlist', 'history_Downgrade', 'history_Error', 'history_Roll Advert', 'history_Submit Downgrade', 'history_Submit Upgrade', 'history_Thumbs Down', 'history_Thumbs Up', 'history_Upgrade', 'trend_song_consumption', 'trend_error_rate', 'trend_status_rate', 'trend_thumbs_up', 'trend_thumbs_down', 'trend_add_to_playlist', 'trend_submit_upgrade', 'trend_upgrade', 'trend_downgrade', 'trend_Submit downgrade', 'trend_Roll Advert']"
72,xgb,backward,3,45,0.12507854596493223,0.7121906281382796,0.15349946977730647,0.24502750740584003,0.18875305623471883,"['is_paid', 'gender_F', 'Linux', 'Macintosh', 'Windows', 'iPad', 'iPhone', 'days_since_last_action', 'recent_actions', 'recent_songs', 'recent_sessions', 'recent_status', 'recent_Add Friend', 'recent_Add to Playlist', 'recent_Downgrade', 'recent_Error', 'recent_Submit Downgrade', 'recent_Submit Upgrade', 'recent_Thumbs Down', 'recent_Thumbs Up', 'recent_Upgrade', 'history_actions', 'history_songs', 'history_sessions', 'history_status', 'history_Add Friend', 'history_Add to Playlist', 'history_Downgrade', 'history_Error', 'history_Roll Advert', 'history_Submit Downgrade', 'history_Thumbs Down', 'history_Thumbs Up', 'history_Upgrade', 'trend_song_consumption', 'trend_error_rate', 'trend_status_rate', 'trend_thumbs_up', 'trend_thumbs_down', 'trend_add_to_playlist', 'trend_submit_upgrade', 'trend_upgrade', 'trend_downgrade', 'trend_Submit downgrade', 'trend_Roll Advert']"
73,xgb,backward,4,44,0.12437607986664316,0.713604525617187,0.15353805073431243,0.24333474396953025,0.1882776686313032,"['is_paid', 'gender_F', 'Linux', 'Macintosh', 'Windows', 'iPad', 'iPhone', 'days_since_last_action', 'recent_actions', 'recent_songs', 'recent_sessions', 'recent_status', 'recent_Add Friend', 'recent_Add to Playlist', 'recent_Downgrade', 'recent_Error', 'recent_Submit Downgrade', 'recent_Submit Upgrade', 'recent_Thumbs Up', 'recent_Upgrade', 'history_actions', 'history_songs', 'history_sessions', 'history_status', 'history_Add Friend', 'history_Add to Playlist', 'history_Downgrade', 'history_Error', 'history_Roll Advert', 'history_Submit Downgrade', 'history_Thumbs Down', 'history_Thumbs Up', 'history_Upgrade', 'trend_song_consumption', 'trend_error_rate', 'trend_status_rate', 'trend_thumbs_up', 'trend_thumbs_down', 'trend_add_to_playlist', 'trend_submit_upgrade', 'trend_upgrade', 'trend_downgrade', 'trend_Submit downgrade', 'trend_Roll Advert']"
74,xgb,backward,5,43,0.12383915660796477,0.7130195939080365,0.15166889185580773,0.24037240795598816,0.1859855926653569,"['is_paid', 'gender_F', 'Linux', 'Macintosh', 'Windows', 'iPad', 'iPhone', 'days_since_last_action', 'recent_actions', 'recent_songs', 'recent_sessions', 'recent_status', 'recent_Add Friend', 'recent_Add to Playlist', 'recent_Downgrade', 'recent_Error', 'recent_Submit Downgrade', 'recent_Submit Upgrade', 'recent_Thumbs Up', 'recent_Upgrade', 'history_actions', 'history_songs', 'history_sessions', 'history_status', 'history_Add Friend', 'history_Add to Playlist', 'history_Downgrade', 'history_Error', 'history_Roll Advert', 'history_Submit Downgrade', 'history_Thumbs Down', 'history_Thumbs Up', 'history_Upgrade', 'trend_song_consumption', 'trend_error_rate', 'trend_status_rate', 'trend_thumbs_up', 'trend_thumbs_down', 'trend_add_to_playlist', 'trend_submit_upgrade', 'trend_upgrade', 'trend_downgrade', 'trend_Roll Advert']"
75,xgb,backward,6,42,0.12499294059627536,0.7134993580558708,0.1542368350708367,0.24418112568768516,0.18905635648754915,"['is_paid', 'gender_F', 'Linux', 'Macintosh', 'Windows', 'iPad', 'iPhone', 'days_since_last_action', 'recent_actions', 'recent_sessions', 'recent_status', 'recent_Add Friend', 'recent_Add to Playlist', 'recent_Downgrade', 'recent_Error', 'recent_Submit Downgrade', 'recent_Submit Upgrade', 'recent_Thumbs Up', 'recent_Upgrade', 'history_actions', 'history_songs', 'history_sessions', 'history_status', 'history_Add Friend', 'history_Add to Playlist', 'history_Downgrade', 'history_Error', 'history_Roll Advert', 'history_Submit Downgrade', 'history_Thumbs Down', 'history_Thumbs Up', 'history_Upgrade', 'trend_song_consumption', 'trend_error_rate', 'trend_status_rate', 'trend_thumbs_up', 'trend_thumbs_down', 'trend_add_to_playlist', 'trend_submit_upgrade', 'trend_upgrade', 'trend_downgrade', 'trend_Roll Advert']"
76,xgb,backward,7,41,0.1246537381178936,0.7129051299365441,0.15533722782793416,0.2475666525603047,0.19089574155653452,"['is_paid', 'gender_F', 'Linux', 'Macintosh', 'Windows', 'iPad', 'iPhone', 'days_since_last_action', 'recent_actions', 'recent_sessions', 'recent_status', 'recent_Add to Playlist', 'recent_Downgrade', 'recent_Error', 'recent_Submit Downgrade', 'recent_Submit Upgrade', 'recent_Thumbs Up', 'recent_Upgrade', 'history_actions', 'history_songs', 'history_sessions', 'history_status', 'history_Add Friend', 'history_Add to Playlist', 'history_Downgrade', 'history_Error', 'history_Roll Advert', 'history_Submit Downgrade', 'history_Thumbs Down', 'history_Thumbs Up', 'history_Upgrade', 'trend_song_consumption', 'trend_error_rate', 'trend_status_rate', 'trend_thumbs_up', 'trend_thumbs_down', 'trend_add_to_playlist', 'trend_submit_upgrade', 'trend_upgrade', 'trend_downgrade', 'trend_Roll Advert']"
77,xgb,backward,8,40,0.1258153395672945,0.7136724855812328,0.15281430825881115,0.2458738891239949,0.18848337388483374,"['is_paid', 'gender_F', 'Linux', 'Macintosh', 'Windows', 'iPad', 'iPhone', 'days_since_last_action', 'recent_actions', 'recent_sessions', 'recent_status', 'recent_Add to Playlist', 'recent_Downgrade', 'recent_Error', 'recent_Submit Downgrade', 'recent_Submit Upgrade', 'recent_Thumbs Up', 'recent_Upgrade', 'history_actions', 'history_songs', 'history_sessions', 'history_status', 'history_Add Friend', 'history_Add to Playlist', 'history_Downgrade', 'history_Error', 'history_Roll Advert', 'history_Submit Downgrade', 'history_Thumbs Down', 'history_Thumbs Up', 'history_Upgrade', 'trend_song_consumption', 'trend_status_rate', 'trend_thumbs_up', 'trend_thumbs_down', 'trend_add_to_playlist', 'trend_submit_upgrade', 'trend_upgrade', 'trend_downgrade', 'trend_Roll Advert']"
78,xgb,backward,9,39,0.12590764229059737,0.7136304168001809,0.15085413929040736,0.24291155311045282,0.1861219195849546,"['is_paid', 'gender_F', 'Linux', 'Macintosh', 'Windows', 'iPad', 'iPhone', 'days_since_last_action', 'recent_actions', 'recent_sessions', 'recent_status', 'recent_Add to Playlist', 'recent_Error', 'recent_Submit Downgrade', 'recent_Submit Upgrade', 'recent_Thumbs Up', 'recent_Upgrade', 'history_actions', 'history_songs', 'history_sessions', 'history_status', 'history_Add Friend', 'history_Add to Playlist', 'history_Downgrade', 'history_Error', 'history_Roll Advert', 'history_Submit Downgrade', 'history_Thumbs Down', 'history_Thumbs Up', 'history_Upgrade', 'trend_song_consumption', 'trend_status_rate', 'trend_thumbs_up', 'trend_thumbs_down', 'trend_add_to_playlist', 'trend_submit_upgrade', 'trend_upgrade', 'trend_downgrade', 'trend_Roll Advert']"
79,xgb,backward,10,38,0.1258007890638398,0.7135402587475947,0.15343915343915343,0.24545069826491747,0.18883281784144554,"['is_paid', 'gender_F', 'Linux', 'Macintosh', 'Windows', 'iPad', 'iPhone', 'days_since_last_action', 'recent_actions', 'recent_sessions', 'recent_status', 'recent_Add to Playlist', 'recent_Error', 'recent_Submit Downgrade', 'recent_Submit Upgrade', 'recent_Thumbs Up', 'recent_Upgrade', 'history_actions', 'history_songs', 'history_sessions', 'history_status', 'history_Add Friend', 'history_Add to Playlist', 'history_Downgrade', 'history_Error', 'history_Roll Advert', 'history_Submit Downgrade', 'history_Thumbs Down', 'history_Thumbs Up', 'history_Upgrade', 'trend_song_consumption', 'trend_status_rate', 'trend_thumbs_up', 'trend_thumbs_down', 'trend_add_to_playlist', 'trend_submit_upgrade', 'trend_downgrade', 'trend_Roll Advert']"
80,xgb,backward,11,37,0.12614299301388457,0.7155024248612268,0.15191227600962826,0.24037240795598816,0.18616846935431006,"['is_paid', 'gender_F', 'Linux', 'Macintosh', 'Windows', 'iPad', 'iPhone', 'days_since_last_action', 'recent_actions', 'recent_sessions', 'recent_status', 'recent_Add to Playlist', 'recent_Error', 'recent_Submit Downgrade', 'recent_Submit Upgrade', 'recent_Thumbs Up', 'recent_Upgrade', 'history_actions', 'history_songs', 'history_sessions', 'history_status', 'history_Add Friend', 'history_Add to Playlist', 'history_Downgrade', 'history_Error', 'history_Roll Advert', 'history_Thumbs Down', 'history_Thumbs Up', 'history_Upgrade', 'trend_song_consumption', 'trend_status_rate', 'trend_thumbs_up', 'trend_thumbs_down', 'trend_add_to_playlist', 'trend_submit_upgrade', 'trend_downgrade', 'trend_Roll Advert']"
81,xgb,backward,12,36,0.12633305315315443,0.7096672917115587,0.15491083311152515,0.24629707998307238,0.19019607843137254,"['gender_F', 'Linux', 'Macintosh', 'Windows', 'iPad', 'iPhone', 'days_since_last_action', 'recent_actions', 'recent_sessions', 'recent_status', 'recent_Add to Playlist', 'recent_Error', 'recent_Submit Downgrade', 'recent_Submit Upgrade', 'recent_Thumbs Up', 'recent_Upgrade', 'history_actions', 'history_songs', 'history_sessions', 'history_status', 'history_Add Friend', 'history_Add to Playlist', 'history_Downgrade', 'history_Error', 'history_Roll Advert', 'history_Thumbs Down', 'history_Thumbs Up', 'history_Upgrade', 'trend_song_consumption', 'trend_status_rate', 'trend_thumbs_up', 'trend_thumbs_down', 'trend_add_to_playlist', 'trend_submit_upgrade', 'trend_downgrade', 'trend_Roll Advert']"
82,xgb,backward,13,35,0.12706793992156035,0.709037133867121,0.15205772314270444,0.2407955988150656,0.1864045864045864,"['gender_F', 'Linux', 'Macintosh', 'Windows', 'iPad', 'iPhone', 'days_since_last_action', 'recent_actions', 'recent_sessions', 'recent_status', 'recent_Add to Playlist', 'recent_Error', 'recent_Submit Downgrade', 'recent_Submit Upgrade', 'recent_Thumbs Up', 'recent_Upgrade', 'history_actions', 'history_songs', 'history_status', 'history_Add Friend', 'history_Add to Playlist', 'history_Downgrade', 'history_Error', 'history_Roll Advert', 'history_Thumbs Down', 'history_Thumbs Up', 'history_Upgrade', 'trend_song_consumption', 'trend_status_rate', 'trend_thumbs_up', 'trend_thumbs_down', 'trend_add_to_playlist', 'trend_submit_upgrade', 'trend_downgrade', 'trend_Roll Advert']"
83,xgb,backward,14,34,0.12606143730412261,0.7080356246166658,0.14722149065051357,0.23656369022429116,0.18149350649350648,"['gender_F', 'Linux', 'Macintosh', 'Windows', 'iPad', 'iPhone', 'days_since_last_action', 'recent_actions', 'recent_sessions', 'recent_status', 'recent_Add to Playlist', 'recent_Error', 'recent_Submit Downgrade', 'recent_Submit Upgrade', 'recent_Thumbs Up', 'recent_Upgrade', 'history_actions', 'history_songs', 'history_status', 'history_Add Friend', 'history_Add to Playlist', 'history_Downgrade', 'history_Error', 'history_Roll Advert', 'history_Thumbs Down', 'history_Thumbs Up', 'history_Upgrade', 'trend_song_consumption', 'trend_status_rate', 'trend_thumbs_up', 'trend_thumbs_down', 'trend_add_to_playlist', 'trend_downgrade', 'trend_Roll Advert']"
84,xgb,backward,15,33,0.12564504376903055,0.7088557945859586,0.14957716701902748,0.23952602623783326,0.18415487229542865,"['gender_F', 'Linux', 'Macintosh', 'Windows', 'iPad', 'iPhone', 'days_since_last_action', 'recent_actions', 'recent_sessions', 'recent_status', 'recent_Add to Playlist', 'recent_Error', 'recent_Submit Downgrade', 'recent_Submit Upgrade', 'recent_Thumbs Up', 'recent_Upgrade', 'history_actions', 'history_songs', 'history_status', 'history_Add Friend', 'history_Add to Playlist', 'history_Downgrade', 'history_Error', 'history_Roll Advert', 'history_Thumbs Down', 'history_Thumbs Up', 'history_Upgrade', 'trend_song_consumption', 'trend_status_rate', 'trend_thumbs_up', 'trend_thumbs_down', 'trend_downgrade', 'trend_Roll Advert']"
85,xgb,backward,16,32,0.12617437378945145,0.708571443878292,0.15318146111547526,0.2475666525603047,0.18925913943707537,"['gender_F', 'Linux', 'Windows', 'iPad', 'iPhone', 'days_since_last_action', 'recent_actions', 'recent_sessions', 'recent_status', 'recent_Add to Playlist', 'recent_Error', 'recent_Submit Downgrade', 'recent_Submit Upgrade', 'recent_Thumbs Up', 'recent_Upgrade', 'history_actions', 'history_songs', 'history_status', 'history_Add Friend', 'history_Add to Playlist', 'history_Downgrade', 'history_Error', 'history_Roll Advert', 'history_Thumbs Down', 'history_Thumbs Up', 'history_Upgrade', 'trend_song_consumption', 'trend_status_rate', 'trend_thumbs_up', 'trend_thumbs_down', 'trend_downgrade', 'trend_Roll Advert']"
86,xgb,backward,17,31,0.12665627802029603,0.7088811324634815,0.15293809024134314,0.2467202708421498,0.1888259109311741,"['gender_F', 'Linux', 'Windows', 'iPad', 'iPhone', 'days_since_last_action', 'recent_actions', 'recent_sessions', 'recent_status', 'recent_Add to Playlist', 'recent_Error', 'recent_Submit Downgrade', 'recent_Submit Upgrade', 'recent_Thumbs Up', 'recent_Upgrade', 'history_actions', 'history_songs', 'history_status', 'history_Add Friend', 'history_Add to Playlist', 'history_Downgrade', 'history_Error', 'history_Roll Advert', 'history_Thumbs Down', 'history_Thumbs Up', 'trend_song_consumption', 'trend_status_rate', 'trend_thumbs_up', 'trend_thumbs_down', 'trend_downgrade', 'trend_Roll Advert']"
87,xgb,backward,18,30,0.12511405738430936,0.7087565113844139,0.15217391304347827,0.24883622513753703,0.18885498634976713,"['gender_F', 'Linux', 'Windows', 'iPad', 'iPhone', 'days_since_last_action', 'recent_actions', 'recent_sessions', 'recent_status', 'recent_Add to Playlist', 'recent_Error', 'recent_Submit Downgrade', 'recent_Submit Upgrade', 'recent_Thumbs Up', 'history_actions', 'history_songs', 'history_status', 'history_Add Friend', 'history_Add to Playlist', 'history_Downgrade', 'history_Error', 'history_Roll Advert', 'history_Thumbs Down', 'history_Thumbs Up', 'trend_song_consumption', 'trend_status_rate', 'trend_thumbs_up', 'trend_thumbs_down', 'trend_downgrade', 'trend_Roll Advert']"
88,xgb,backward,19,29,0.12493705509330644,0.7085796248948993,0.1536471805483704,0.2513753702920017,0.19072082196179163,"['gender_F', 'Linux', 'Windows', 'iPad', 'days_since_last_action', 'recent_actions', 'recent_sessions', 'recent_status', 'recent_Add to Playlist', 'recent_Error', 'recent_Submit Downgrade', 'recent_Submit Upgrade', 'recent_Thumbs Up', 'history_actions', 'history_songs', 'history_status', 'history_Add Friend', 'history_Add to Playlist', 'history_Downgrade', 'history_Error', 'history_Roll Advert', 'history_Thumbs Down', 'history_Thumbs Up', 'trend_song_consumption', 'trend_status_rate', 'trend_thumbs_up', 'trend_thumbs_down', 'trend_downgrade', 'trend_Roll Advert']"
89,xgb,backward,20,28,0.12564518032710406,0.7097279708782156,0.15404699738903394,0.2496826068556919,0.19053770385919586,"['gender_F', 'Linux', 'Windows', 'iPad', 'days_since_last_action', 'recent_actions', 'recent_sessions', 'recent_status', 'recent_Add to Playlist', 'recent_Error', 'recent_Submit Downgrade', 'recent_Submit Upgrade', 'recent_Thumbs Up', 'history_actions', 'history_songs', 'history_status', 'history_Add Friend', 'history_Add to Playlist', 'history_Downgrade', 'history_Error', 'history_Roll Advert', 'history_Thumbs Down', 'history_Thumbs Up', 'trend_status_rate', 'trend_thumbs_up', 'trend_thumbs_down', 'trend_downgrade', 'trend_Roll Advert']"
90,xgb,backward,21,27,0.12630784826472552,0.7088727626204037,0.1494615182558445,0.2407955988150656,0.18444084278768233,"['gender_F', 'Linux', 'Windows', 'iPad', 'days_since_last_action', 'recent_actions', 'recent_sessions', 'recent_status', 'recent_Add to Playlist', 'recent_Submit Downgrade', 'recent_Submit Upgrade', 'recent_Thumbs Up', 'history_actions', 'history_songs', 'history_status', 'history_Add Friend', 'history_Add to Playlist', 'history_Downgrade', 'history_Error', 'history_Roll Advert', 'history_Thumbs Down', 'history_Thumbs Up', 'trend_status_rate', 'trend_thumbs_up', 'trend_thumbs_down', 'trend_downgrade', 'trend_Roll Advert']"
91,xgb,backward,22,26,0.12781285282389848,0.7120322071210325,0.15340162857893355,0.24714346170122725,0.1893030794165316,"['gender_F', 'Linux', 'Windows', 'iPad', 'days_since_last_action', 'recent_actions', 'recent_sessions', 'recent_Add to Playlist', 'recent_Submit Downgrade', 'recent_Submit Upgrade', 'recent_Thumbs Up', 'history_actions', 'history_songs', 'history_status', 'history_Add Friend', 'history_Add to Playlist', 'history_Downgrade', 'history_Error', 'history_Roll Advert', 'history_Thumbs Down', 'history_Thumbs Up', 'trend_status_rate', 'trend_thumbs_up', 'trend_thumbs_down', 'trend_downgrade', 'trend_Roll Advert']"
92,xgb,backward,23,25,0.12528028146825215,0.7119508975646699,0.15499870834409712,0.25391451544646637,0.19249278152069296,"['gender_F', 'Linux', 'Windows', 'iPad', 'days_since_last_action', 'recent_actions', 'recent_sessions', 'recent_Add to Playlist', 'recent_Submit Upgrade', 'recent_Thumbs Up', 'history_actions', 'history_songs', 'history_status', 'history_Add Friend', 'history_Add to Playlist', 'history_Downgrade', 'history_Error', 'history_Roll Advert', 'history_Thumbs Down', 'history_Thumbs Up', 'trend_status_rate', 'trend_thumbs_up', 'trend_thumbs_down', 'trend_downgrade', 'trend_Roll Advert']"
93,xgb,backward,24,24,0.12642765798621602,0.7113365923611086,0.15448204598295015,0.2530681337283115,0.191851138915624,"['gender_F', 'Linux', 'iPad', 'days_since_last_action', 'recent_actions', 'recent_sessions', 'recent_Add to Playlist', 'recent_Submit Upgrade', 'recent_Thumbs Up', 'history_actions', 'history_songs', 'history_status', 'history_Add Friend', 'history_Add to Playlist', 'history_Downgrade', 'history_Error', 'history_Roll Advert', 'history_Thumbs Down', 'history_Thumbs Up', 'trend_status_rate', 'trend_thumbs_up', 'trend_thumbs_down', 'trend_downgrade', 'trend_Roll Advert']"
94,xgb,backward,25,23,0.1257688555584177,0.7098264153389275,0.1509727626459144,0.24629707998307238,0.18719845609520747,"['gender_F', 'Linux', 'iPad', 'days_since_last_action', 'recent_actions', 'recent_sessions', 'recent_Add to Playlist', 'recent_Submit Upgrade', 'recent_Thumbs Up', 'history_actions', 'history_songs', 'history_status', 'history_Add Friend', 'history_Add to Playlist', 'history_Downgrade', 'history_Roll Advert', 'history_Thumbs Down', 'history_Thumbs Up', 'trend_status_rate', 'trend_thumbs_up', 'trend_thumbs_down', 'trend_downgrade', 'trend_Roll Advert']"
95,xgb,backward,26,22,0.12750852036251942,0.7112982035005706,0.15696465696465697,0.2556072788827761,0.19449364031556915,"['gender_F', 'Linux', 'iPad', 'days_since_last_action', 'recent_actions', 'recent_sessions', 'recent_Add to Playlist', 'recent_Submit Upgrade', 'recent_Thumbs Up', 'history_actions', 'history_songs', 'history_status', 'history_Add Friend', 'history_Add to Playlist', 'history_Downgrade', 'history_Roll Advert', 'history_Thumbs Down', 'history_Thumbs Up', 'trend_status_rate', 'trend_thumbs_down', 'trend_downgrade', 'trend_Roll Advert']"
96,xgb,backward,27,21,0.12799404649580237,0.7116052660804293,0.15287588294651866,0.256453660600931,0.19155998103366526,"['gender_F', 'Linux', 'iPad', 'days_since_last_action', 'recent_actions', 'recent_sessions', 'recent_Add to Playlist', 'recent_Submit Upgrade', 'recent_Thumbs Up', 'history_actions', 'history_songs', 'history_status', 'history_Add to Playlist', 'history_Downgrade', 'history_Roll Advert', 'history_Thumbs Down', 'history_Thumbs Up', 'trend_status_rate', 'trend_thumbs_down', 'trend_downgrade', 'trend_Roll Advert']"
97,xgb,backward,28,20,0.12759319652993195,0.7120140666059465,0.15878969742435609,0.26872619551417687,0.19962276013832128,"['gender_F', 'Linux', 'iPad', 'days_since_last_action', 'recent_actions', 'recent_sessions', 'recent_Add to Playlist', 'recent_Submit Upgrade', 'recent_Thumbs Up', 'history_actions', 'history_songs', 'history_status', 'history_Downgrade', 'history_Roll Advert', 'history_Thumbs Down', 'history_Thumbs Up', 'trend_status_rate', 'trend_thumbs_down', 'trend_downgrade', 'trend_Roll Advert']"
98,xgb,backward,29,19,0.12718606118014958,0.7131824238037986,0.15262242107879692,0.25983918747355056,0.19229564672721577,"['gender_F', 'Linux', 'iPad', 'days_since_last_action', 'recent_actions', 'recent_sessions', 'recent_Add to Playlist', 'recent_Thumbs Up', 'history_actions', 'history_songs', 'history_status', 'history_Downgrade', 'history_Roll Advert', 'history_Thumbs Down', 'history_Thumbs Up', 'trend_status_rate', 'trend_thumbs_down', 'trend_downgrade', 'trend_Roll Advert']"
99,xgb,backward,30,18,0.12677856682537447,0.7119724984346066,0.15311244979919678,0.2581464240372408,0.1922167953363794,"['Linux', 'iPad', 'days_since_last_action', 'recent_actions', 'recent_sessions', 'recent_Add to Playlist', 'recent_Thumbs Up', 'history_actions', 'history_songs', 'history_status', 'history_Downgrade', 'history_Roll Advert', 'history_Thumbs Down', 'history_Thumbs Up', 'trend_status_rate', 'trend_thumbs_down', 'trend_downgrade', 'trend_Roll Advert']"
100,xgb,backward,31,17,0.1272744220292579,0.7105850630094172,0.15641088502083844,0.26999576809140924,0.19807513194660042,"['Linux', 'iPad', 'days_since_last_action', 'recent_actions', 'recent_sessions', 'recent_Thumbs Up', 'history_actions', 'history_songs', 'history_status', 'history_Downgrade', 'history_Roll Advert', 'history_Thumbs Down', 'history_Thumbs Up', 'trend_status_rate', 'trend_thumbs_down', 'trend_downgrade', 'trend_Roll Advert']"
101,xgb,backward,32,16,0.12766191601905147,0.7108171922197698,0.15615763546798028,0.26830300465509943,0.19741553791063365,"['Linux', 'days_since_last_action', 'recent_actions', 'recent_sessions', 'recent_Thumbs Up', 'history_actions', 'history_songs', 'history_status', 'history_Downgrade', 'history_Roll Advert', 'history_Thumbs Down', 'history_Thumbs Up', 'trend_status_rate', 'trend_thumbs_down', 'trend_downgrade', 'trend_Roll Advert']"
102,xgb,backward,33,15,0.1259981572583188,0.7095055859919916,0.15244789142026174,0.26618705035971224,0.19386654338110648,"['Linux', 'days_since_last_action', 'recent_actions', 'recent_sessions', 'recent_Thumbs Up', 'history_actions', 'history_songs', 'history_status', 'history_Downgrade', 'history_Roll Advert', 'history_Thumbs Down', 'history_Thumbs Up', 'trend_status_rate', 'trend_thumbs_down', 'trend_Roll Advert']"
103,xgb,backward,34,14,0.12676091492242603,0.7093909507592822,0.15325301204819278,0.26914938637325436,0.19530170428374022,"['Linux', 'days_since_last_action', 'recent_actions', 'recent_sessions', 'recent_Thumbs Up', 'history_actions', 'history_songs', 'history_status', 'history_Downgrade', 'history_Roll Advert', 'history_Thumbs Down', 'history_Thumbs Up', 'trend_thumbs_down', 'trend_Roll Advert']"
104,xgb,backward,35,13,0.12696189071696126,0.7103095388414074,0.15412272291466922,0.27211172238679643,0.19678653404743687,"['Linux', 'days_since_last_action', 'recent_actions', 'recent_sessions', 'recent_Thumbs Up', 'history_actions', 'history_status', 'history_Downgrade', 'history_Roll Advert', 'history_Thumbs Down', 'history_Thumbs Up', 'trend_thumbs_down', 'trend_Roll Advert']"
105,xgb,backward,36,12,0.12674691657376358,0.7071785763985969,0.15155159971133028,0.2666102412187897,0.19325153374233128,"['Linux', 'days_since_last_action', 'recent_actions', 'recent_sessions', 'recent_Thumbs Up', 'history_status', 'history_Downgrade', 'history_Roll Advert', 'history_Thumbs Down', 'history_Thumbs Up', 'trend_thumbs_down', 'trend_Roll Advert']"
106,xgb,backward,37,11,0.1282144974996273,0.7062906660309216,0.15486194477791115,0.27295810410495136,0.19761029411764705,"['Linux', 'days_since_last_action', 'recent_actions', 'recent_sessions', 'recent_Thumbs Up', 'history_status', 'history_Downgrade', 'history_Roll Advert', 'history_Thumbs Down', 'history_Thumbs Up', 'trend_thumbs_down']"
107,xgb,backward,38,10,0.12651860210605093,0.7050187397097807,0.1513526119402985,0.2746508675412611,0.19515862276349422,"['Linux', 'days_since_last_action', 'recent_sessions', 'recent_Thumbs Up', 'history_status', 'history_Downgrade', 'history_Roll Advert', 'history_Thumbs Down', 'history_Thumbs Up', 'trend_thumbs_down']"
108,xgb,backward,39,9,0.12449475363736841,0.7014775144341369,0.15083025830258304,0.2767668218366483,0.19525302283922974,"['Linux', 'days_since_last_action', 'recent_sessions', 'recent_Thumbs Up', 'history_Downgrade', 'history_Roll Advert', 'history_Thumbs Down', 'history_Thumbs Up', 'trend_thumbs_down']"
109,xgb,backward,40,8,0.12441587407825577,0.7028142345824614,0.15173508732138807,0.28311468472281,0.1975782634376846,"['Linux', 'days_since_last_action', 'recent_sessions', 'history_Downgrade', 'history_Roll Advert', 'history_Thumbs Down', 'history_Thumbs Up', 'trend_thumbs_down']"
110,xgb,backward,41,7,0.1248963304691794,0.7039792939040536,0.15063601874581567,0.28565382987727467,0.1972530683810637,"['days_since_last_action', 'recent_sessions', 'history_Downgrade', 'history_Roll Advert', 'history_Thumbs Down', 'history_Thumbs Up', 'trend_thumbs_down']"
111,xgb,backward,42,6,0.12284077915516257,0.7017337387803593,0.14894091415830546,0.28269149386373255,0.19509345794392524,"['days_since_last_action', 'history_Downgrade', 'history_Roll Advert', 'history_Thumbs Down', 'history_Thumbs Up', 'trend_thumbs_down']"
112,xgb,backward,43,5,0.12038891863921136,0.6953054402091741,0.14205312922107158,0.2670334320778671,0.1854518736223365,"['days_since_last_action', 'history_Roll Advert', 'history_Thumbs Down', 'history_Thumbs Up', 'trend_thumbs_down']"
