model_type,feature_set,n_features,threshold,roc_auc,pr_auc,precision,recall,f1,tn,fp,fn,tp
xgb,static,7,0.5,0.5643881181426623,0.05541395915606669,0.0,0.0,0.0,48185,0,2363,0
hgb,static,7,0.5,0.5640511111976689,0.055453160505178664,0.05754422867445442,0.6483283961066441,0.1057062029945491,23094,25091,831,1532
rf,static,7,0.5,0.5630166407498677,0.054771249836445664,0.05810655423533921,0.641557342361405,0.10656169823920149,23611,24574,847,1516
et,static,7,0.5,0.5632185708989162,0.054880710795742124,0.05755125070528493,0.6474820143884892,0.10570678457924554,23130,25055,833,1530
logreg,static,7,0.5,0.5674373055499041,0.055652231828142086,0.05776801938219261,0.6457892509521794,0.10604955001911116,23295,24890,837,1526
svm,static,7,0.5,0.5672651045916407,0.055655042551325924,0.0,0.0,0.0,48185,0,2363,0
xgb,recency,15,0.5,0.6913971538405701,0.1136139959373161,0.14678362573099416,0.21244181125687686,0.1736123119488155,45267,2918,1861,502
hgb,recency,15,0.5,0.6868200265490018,0.10848602794136855,0.093952802359882,0.5391451544646636,0.16002009671544307,35899,12286,1089,1274
rf,recency,15,0.5,0.6566990032728897,0.09307149150005814,0.1487603305785124,0.12949640287769784,0.13846153846153847,46434,1751,2057,306
et,recency,15,0.5,0.666063342673803,0.10295615810757153,0.11790900290416263,0.25772323317816337,0.1617959617428268,43629,4556,1754,609
logreg,recency,15,0.5,0.6948577458220935,0.11248709989764326,0.08790523690773068,0.596699111299196,0.15323588545345868,33555,14630,953,1410
svm,recency,15,0.5,0.6944128618755009,0.11212083265254517,0.35,0.0029623360135421074,0.005874947545111205,48172,13,2356,7
xgb,history,14,0.5,0.6735110450969868,0.09689493333647918,0.14250207125103562,0.07278882776132035,0.09635854341736695,47150,1035,2191,172
hgb,history,14,0.5,0.6782873052710559,0.10300076186932208,0.08749061625605678,0.5425306813372831,0.15068171133051245,34814,13371,1081,1282
rf,history,14,0.5,0.6398798650865609,0.09248208836952998,0.1658327376697641,0.098180279305967,0.12333864965443912,47018,1167,2131,232
et,history,14,0.5,0.659845928139408,0.09579450117207894,0.12513144058885384,0.2014388489208633,0.1543700340522134,44857,3328,1887,476
logreg,history,14,0.5,0.6885600580812656,0.10796214210673914,0.09339308948966314,0.5467625899280576,0.15953571649070816,35643,12542,1071,1292
svm,history,14,0.5,0.6883791096269838,0.1076840312252266,0.3170731707317073,0.005501481168006771,0.010815307820299502,48157,28,2350,13
xgb,trend,12,0.5,0.685239329427143,0.09500888230462244,0.13372664700098327,0.11510791366906475,0.1237207186718217,46423,1762,2091,272
hgb,trend,12,0.5,0.6832398854552284,0.09670609079104034,0.08444444444444445,0.6030469741853576,0.14814429774404825,32735,15450,938,1425
rf,trend,12,0.5,0.6617023689949395,0.08473398015900768,0.13562091503267973,0.03512484130342785,0.05579831932773109,47656,529,2280,83
et,trend,12,0.5,0.6718552038225856,0.08640208987310298,0.0860655737704918,0.5065594583157004,0.14713293589822382,35474,12711,1166,1197
logreg,trend,12,0.5,0.5010952286580969,0.058015174517968615,0.0715842231422968,0.27803639441388067,0.11385495191057968,39664,8521,1706,657
svm,trend,12,0.5,0.5022983167525394,0.05816261373733836,0.0,0.0,0.0,48185,0,2363,0
xgb,static__recency,22,0.5,0.6960857809671788,0.11302493935055821,0.14361280084633696,0.22979263647905204,0.1767578125,44947,3238,1820,543
hgb,static__recency,22,0.5,0.6893433234539031,0.10858006960312669,0.09220714640903602,0.5493017350825222,0.15790754257907544,35406,12779,1065,1298
rf,static__recency,22,0.5,0.6642440962416023,0.09687119354416157,0.1548051948051948,0.12611087600507828,0.13899253731343283,46558,1627,2065,298
et,static__recency,22,0.5,0.6612636241042873,0.09613692549615464,0.11517761033369214,0.2264071096064325,0.1526826484018265,44075,4110,1828,535
logreg,static__recency,22,0.5,0.7015916710137009,0.11623675682367195,0.08651792072157607,0.6170122725349132,0.15175644028103044,32791,15394,905,1458
svm,static__recency,22,0.5,0.7009952340638034,0.11579057169466024,0.32,0.0033855268726195515,0.006700167504187605,48168,17,2355,8
xgb,static__history,21,0.5,0.682666814683199,0.0984478148139195,0.1423785594639866,0.1079136690647482,0.12277323062108811,46649,1536,2108,255
hgb,static__history,21,0.5,0.6898373549785262,0.10557725714940078,0.08699586349534644,0.5696148963182395,0.15093916456405942,34059,14126,1017,1346
rf,static__history,21,0.5,0.657078228303586,0.09607129904716094,0.16447876447876447,0.09013965298349556,0.11645708037178787,47103,1082,2150,213
et,static__history,21,0.5,0.6624085624285121,0.09239548649685424,0.11940759024992287,0.1637748624629708,0.1381156316916488,45331,2854,1976,387
logreg,static__history,21,0.5,0.6964593675516466,0.10995030569909038,0.09096496619545175,0.5636902242911553,0.15665059390803246,34874,13311,1031,1332
svm,static__history,21,0.5,0.6953828283227936,0.10951311060593927,0.26,0.005501481168006771,0.01077496891835889,48148,37,2350,13
xgb,static__trend,19,0.5,0.6779983744236566,0.09130275722679865,0.13676731793960922,0.06517139229792636,0.0882774433935225,47213,972,2209,154
hgb,static__trend,19,0.5,0.683796532715657,0.09514336315438392,0.08368151591831931,0.6017774016081253,0.14693118412895226,32614,15571,941,1422
rf,static__trend,19,0.5,0.6739176543571862,0.08812216456476925,0.13787638668779714,0.03681760473973762,0.05811623246492986,47641,544,2276,87
et,static__trend,19,0.5,0.6606413047540225,0.07955687942534269,0.07914785553047404,0.4748201438848921,0.13567930346453835,35131,13054,1241,1122
logreg,static__trend,19,0.5,0.5911743166490802,0.06566258059644392,0.06130490207440028,0.6716038933559035,0.11235398230088496,23885,24300,776,1587
svm,static__trend,19,0.5,0.5911152710509568,0.06553246549784555,0.0,0.0,0.0,48185,0,2363,0
xgb,recency__history,29,0.5,0.7252708046040812,0.13181646825104043,0.15845319500117896,0.2843842573000423,0.20351302241066022,44616,3569,1691,672
hgb,recency__history,29,0.5,0.7209328018848922,0.1285555433114837,0.10139732240836931,0.5865425306813373,0.17290419161676646,35902,12283,977,1386
rf,recency__history,29,0.5,0.7109513073181104,0.12677799615133453,0.22780269058295965,0.10749047820567076,0.14606095457159288,47324,861,2109,254
et,recency__history,29,0.5,0.6990537817748291,0.11926190087562163,0.21142857142857144,0.1252644942869234,0.1573212862078129,47081,1104,2067,296
logreg,recency__history,29,0.5,0.7196699260603847,0.12958312087918977,0.09585475369297847,0.6233601354210749,0.1661590524534687,34291,13894,890,1473
svm,recency__history,29,0.5,0.7189557228714217,0.12913013629347045,0.3448275862068966,0.008463817181548879,0.016522098306484923,48147,38,2343,20
xgb,recency__trend,27,0.5,0.7165323019953557,0.12110857981297585,0.14856307842182173,0.2581464240372408,0.18859174524656053,44689,3496,1753,610
hgb,recency__trend,27,0.5,0.708514954024487,0.11671767945942157,0.09437086092715231,0.5789250952179433,0.16228720564683552,35057,13128,995,1368
rf,recency__trend,27,0.5,0.6972205402272619,0.11167003544621856,0.21329987452948557,0.07194244604316546,0.10759493670886076,47558,627,2193,170
et,recency__trend,27,0.5,0.6854584603502397,0.10953815186478191,0.1700809909480705,0.1510791366906475,0.16001792917974003,46443,1742,2006,357
logreg,recency__trend,27,0.5,0.7019228287294293,0.11417156758429614,0.08682794108948956,0.6212441811256877,0.15236118318629996,32746,15439,895,1468
svm,recency__trend,27,0.5,0.701022978380994,0.11372622120955578,0.375,0.0025391451544646637,0.005044136191677175,48175,10,2357,6
xgb,history__trend,26,0.5,0.6958650340408017,0.11379695788809628,0.1553430079155673,0.1993228946254761,0.1746061167747915,45624,2561,1892,471
hgb,history__trend,26,0.5,0.7096806500865024,0.11980302329156516,0.09788021055626689,0.5823106220905628,0.1675902807380793,35503,12682,987,1376
rf,history__trend,26,0.5,0.6930505535447976,0.11365402965819947,0.20682730923694778,0.08717731696995346,0.12265555224769277,47395,790,2157,206
et,history__trend,26,0.5,0.688282355821878,0.10988026201481756,0.17857142857142858,0.14600084638171815,0.16065192083818394,46598,1587,2018,345
logreg,history__trend,26,0.5,0.7019203256808698,0.1115361610559798,0.0914942210533601,0.5594583157003808,0.1572686176540566,35058,13127,1041,1322
svm,history__trend,26,0.5,0.7008269852874758,0.11112529489390124,0.32432432432432434,0.0050782903089293275,0.01,48160,25,2351,12
xgb,static__recency__history,36,0.5,0.719116677676421,0.12905623207494074,0.15675057208237986,0.23190859077443926,0.1870626386755419,45237,2948,1815,548
hgb,static__recency__history,36,0.5,0.7274061816780271,0.12939161655547532,0.10165054897113357,0.5916208209902666,0.1734921816827997,35830,12355,965,1398
rf,static__recency__history,36,0.5,0.7142209737816203,0.12772163717781354,0.22560429722470904,0.10664409648751587,0.14482758620689656,47320,865,2111,252
et,static__recency__history,36,0.5,0.6996151409143883,0.11594663570578279,0.21193232413178986,0.10071942446043165,0.13654618473895583,47300,885,2125,238
logreg,static__recency__history,36,0.5,0.7233916606589842,0.1327550866395545,0.09490111834207367,0.6356326703343208,0.1651456844420011,33860,14325,861,1502
svm,static__recency__history,36,0.5,0.7224624939032105,0.13215997243363295,0.375,0.010156580617858655,0.019777503090234856,48145,40,2339,24
xgb,static__recency__trend,34,0.5,0.7166766400709706,0.11719571237372017,0.15083038388238498,0.23444773592890394,0.18356527501656728,45066,3119,1809,554
hgb,static__recency__trend,34,0.5,0.7092117149171726,0.1140904443637531,0.0947973636236152,0.5721540414727042,0.16264661654135337,35275,12910,1011,1352
rf,static__recency__trend,34,0.5,0.7002565009989579,0.11386792734711028,0.2227432590855803,0.08040626322471435,0.1181592039800995,47522,663,2173,190
et,static__recency__trend,34,0.5,0.6894516703260212,0.10599525239950128,0.15084956485702444,0.15404147270418958,0.152428810720268,46136,2049,1999,364
logreg,static__recency__trend,34,0.5,0.706461189507519,0.11746639920650637,0.08659997673607073,0.630131189166314,0.15227284348315182,32480,15705,874,1489
svm,static__recency__trend,34,0.5,0.7055260505657087,0.11705432430271545,0.30434782608695654,0.0029623360135421074,0.00586756077116513,48169,16,2356,7
xgb,static__history__trend,33,0.5,0.6990706883308886,0.11525023754650161,0.14373601789709173,0.21752010156580617,0.17309311331874053,45123,3062,1849,514
hgb,static__history__trend,33,0.5,0.7122689164711179,0.12050106731679365,0.09897144501186794,0.5823106220905628,0.16918726177302348,35658,12527,987,1376
rf,static__history__trend,33,0.5,0.6985904674864751,0.11518722358850002,0.20019157088122605,0.08844688954718578,0.12268858233049604,47350,835,2154,209
et,static__history__trend,33,0.5,0.6909252413608487,0.10381702294121749,0.16367924528301886,0.14684722809987305,0.1548070488512157,46412,1773,2016,347
logreg,static__history__trend,33,0.5,0.704629577137172,0.11281098562571025,0.09039397373508433,0.573846804909014,0.15618521078092606,34540,13645,1007,1356
svm,static__history__trend,33,0.5,0.703218033402173,0.11232383752469147,0.30434782608695654,0.005924672027084215,0.011623080116230802,48153,32,2349,14
xgb,recency__history__trend,41,0.5,0.7234989053114734,0.13086801243930993,0.15545831414094888,0.28565382987727467,0.20134228187919462,44518,3667,1688,675
hgb,recency__history__trend,41,0.5,0.7192679540269902,0.12804935855336855,0.10023919868440724,0.5674989420228523,0.1703830760434534,36148,12037,1022,1341
rf,recency__history__trend,41,0.5,0.7059989993953601,0.12193295894580057,0.23847926267281105,0.0876005078290309,0.12813370473537605,47524,661,2156,207
et,recency__history__trend,41,0.5,0.696837521101907,0.11674070351750486,0.21482098251457118,0.10918324164198054,0.1447811447811448,47242,943,2105,258
logreg,recency__history__trend,41,0.5,0.718678139177492,0.12808901966322392,0.09418514698298092,0.6182818451121456,0.16346853146853146,34134,14051,902,1461
svm,recency__history__trend,41,0.5,0.7179864195124317,0.1275056211673539,0.2857142857142857,0.005924672027084215,0.011608623548922056,48150,35,2349,14
xgb,static__recency__history__trend,48,0.5,0.7245423867340884,0.132025880742566,0.15853057199211046,0.27211172238679643,0.20034273251285248,44772,3413,1720,643
hgb,static__recency__history__trend,48,0.5,0.722433427800728,0.12804110348778974,0.10225763612217796,0.5865425306813373,0.1741534208707671,36017,12168,977,1386
rf,static__recency__history__trend,48,0.5,0.70969663885809,0.12290402357072766,0.24164810690423164,0.09183241641980533,0.1330880098129408,47504,681,2146,217
et,static__recency__history__trend,48,0.5,0.6996065954187799,0.11373936910886559,0.1969080553295362,0.10241218789674143,0.13474387527839643,47198,987,2121,242
logreg,static__recency__history__trend,48,0.5,0.722653586291128,0.13140235699778835,0.09451487385465043,0.6373254337706306,0.1646171503525168,33757,14428,857,1506
svm,static__recency__history__trend,48,0.5,0.7216681843777186,0.1306569957524807,0.375,0.008887008040626322,0.017362546506821,48150,35,2342,21
xgb,all_features,48,0.5,0.7245423867340884,0.132025880742566,0.15853057199211046,0.27211172238679643,0.20034273251285248,44772,3413,1720,643
hgb,all_features,48,0.5,0.722433427800728,0.12804110348778974,0.10225763612217796,0.5865425306813373,0.1741534208707671,36017,12168,977,1386
rf,all_features,48,0.5,0.70969663885809,0.12290402357072766,0.24164810690423164,0.09183241641980533,0.1330880098129408,47504,681,2146,217
et,all_features,48,0.5,0.6996065954187799,0.11373936910886559,0.1969080553295362,0.10241218789674143,0.13474387527839643,47198,987,2121,242
logreg,all_features,48,0.5,0.722653586291128,0.13140235699778835,0.09451487385465043,0.6373254337706306,0.1646171503525168,33757,14428,857,1506
svm,all_features,48,0.5,0.7216681843777186,0.1306569957524807,0.375,0.008887008040626322,0.017362546506821,48150,35,2342,21
